<atlassian-plugin key="${project.groupId}.${project.artifactId}"
	name="${project.name}" plugins-version="2">
	<plugin-info>
		<description>${project.description}</description>
		<version>${project.version}</version>
		<vendor name="${project.organization.name}" url="${project.organization.url}" />
		<param name="plugin-icon">images/nexmologo.png</param>
		<param name="plugin-logo">images/logo.png</param>
	</plugin-info>

	<!-- add our i18n resource -->


	<!-- add our web resources -->
	<web-resource key="nexmo-resources" name="nexmo Web Resources">
		<dependency>com.atlassian.auiplugin:ajs</dependency>

		<resource type="download" name="nexmo.css" location="/css/nexmo.css" />
		<resource type="download" name="nexmo.js" location="/js/nexmo.js" />
		<resource type="download" name="images/" location="/images" />

		<context>nexmo</context>
	</web-resource>

	<component-import key="userAccessor" name="userAccessor"
		interface="com.atlassian.confluence.user.UserAccessor" />
	<component-import key="spaceManager" name="spaceManager"
		interface="com.atlassian.confluence.spaces.SpaceManager" />
	
	<component-import key="spacePermissionManager" name="spacePermissionManager"
		interface="com.atlassian.confluence.security.SpacePermissionManager" />
	<component-import key="userManager"
		interface="com.atlassian.sal.api.user.UserManager" />
	<component-import key="loginUriProvider"
		interface="com.atlassian.sal.api.auth.LoginUriProvider" />
	<component-import key="renderer"
		interface="com.atlassian.templaterenderer.velocity.one.six.VelocityTemplateRenderer" />
	<resource type="i18n" name="i18n"
		location="com.atlassian.tutorial.xproductadminui.i18n" />

	<component-import key="applicationProperties"
		interface="com.atlassian.sal.api.ApplicationProperties" />

	<component key="myEvent" class="com.nexmo.NexmoEventListener" />


	<servlet key="admin-servlet" class="com.nexmo.AdminServlet">
		<url-pattern>/nexmo/admin</url-pattern>
	</servlet>
	<web-resource name="Admin Web Resources" key="resources">
		<dependency>com.atlassian.auiplugin:ajs</dependency>
		<resource type="download" name="admin1.js" location="admin1.js" />
		<resource type="download" name="Configuration.css" location="Configuration.css" />
		<resource type="download" name="/images" location="/images" />
		
	</web-resource>

	<component-import key="pluginSettingsFactory"
		interface="com.atlassian.sal.api.pluginsettings.PluginSettingsFactory" />
	<component-import key="transactionTemplate"
		interface="com.atlassian.sal.api.transaction.TransactionTemplate" />

	<rest key="rest" path="/nexmo-admin" version="1.0">
		<description>Provides REST resources for the admin UI.</description>
	</rest>

	<rest key="json" path="" version="1.0">
		<description>Provides REST resources for the admin UI.</description>
	</rest>
	
	<component-import key="settingsManager" interface="com.atlassian.confluence.setup.settings.SettingsManager" />
	<component-import key="requestFactory" interface="com.atlassian.sal.api.net.RequestFactory" />
 
<!-- our custom components -->

	

	<web-item key="conf-menu-item" name="Nexmo Admin"
		section="system.admin/configuration" weight="10">
		<description>Link to nexmo-admin page.</description>
		<label key="nexmo.admin.label" />
		<link linkId="nexmo-admin-link">/plugins/servlet/nexmo/admin</link>
	</web-item>

	<!-- publish our component -->
	



</atlassian-plugin>